2018-10-02 17:06;59,42190595;17,82213388;1
2018-10-02 17:07;59,42190595;17,82213388;1
2018-10-02 17:08;59,42185739;17,82207084;1
2018-10-02 17:09;59,42185589;17,82209542;1
2018-10-02 17:10;59,42184855;17,82213143;1
2018-10-02 17:35;59,3957909;17,95120055;1
2018-10-02 17:36;59,40136608;17,96748297;1
2018-10-02 17:37;59,39561592;17,98337122;1
2018-10-02 17:38;59,38795566;18,00102829;1
2018-10-02 17:39;59,37753879;18,01349766;1
2018-10-02 17:40;59,36965836;18,02002519;1
2018-10-02 18:49;59,31574348;18,208968;1
2018-10-02 18:50;59,31527006;18,1894972;1
2018-10-02 18:51;59,31243989;18,17049088;1
2018-10-02 18:52;59,31200508;18,15075074;1
2018-10-02 18:53;59,30932411;18,13067213;1
2018-10-02 19:28;59,30249495;18,00709259;1
2018-10-02 19:29;59,30249495;18,00709259;1
2018-10-02 19:30;59,30252799;18,00702911;1
2018-10-02 19:31;59,30252799;18,00702911;1
2018-10-02 19:32;59,30246922;18,0071091;1
2018-10-02 19:33;59,30248527;18,00710819;1
2018-10-02 19:34;59,30249166;18,00707962;1
2018-10-02 19:35;59,30251915;18,00698962;1
2018-10-02 19:36;59,3026407;18,00677595;1
2018-10-02 19:37;59,30264847;18,00677056;1
2018-10-02 19:38;59,30265264;18,00676379;1
2018-10-02 19:39;59,30331127;18,006515;1
2018-10-02 19:58;59,27051898;17,88860625;1
2018-10-02 19:59;59,2739575;17,8964746;1
2018-10-02 20:00;59,27365388;17,9053133;1
2018-10-02 20:01;59,27480135;17,91689531;1
2018-10-02 20:02;59,28263757;17,92747637;1
2018-10-02 20:03;59,28710953;17,94664664;1
2018-10-02 20:04;59,28905337;17,96761534;1
2018-10-03 16:25;59,42431877;17,82145178;1
2018-10-03 16:26;59,4245846;17,8276651;1
2018-10-03 16:27;59,42466994;17,83476511;1
2018-10-03 16:28;59,42327591;17,83375452;1
2018-10-03 16:29;59,42150696;17,83610641;1
2018-10-03 16:30;59,42127323;17,84335627;1
2018-10-03 16:31;59,42218394;17,84912651;1
2018-10-03 16:32;59,42540476;17,84445472;1
2018-10-03 16:33;59,42587086;17,83554399;1
2018-10-03 17:07;59,3302337;18,0544886;1
2018-10-03 17:08;59,33023318;18,05448668;1
2018-10-03 17:09;59,33023318;18,05448668;1
2018-10-03 17:10;59,33026268;18,05457783;1
2018-10-03 17:11;59,33026268;18,05457783;1
2018-10-03 17:12;59,33023025;18,05448536;1
2018-10-03 18:36;59,33029797;18,05485633;1
2018-10-03 18:37;59,33031782;18,05477925;1
2018-10-03 18:38;59,33031339;18,05472791;1
2018-10-03 18:39;59,33035359;18,05474822;1
2018-10-03 18:40;59,33035082;18,05475187;1
2018-10-03 18:41;59,33034986;18,05477294;1
2018-10-03 21:42;59,33719361;18,08684943;1
2018-10-03 21:43;59,33726872;18,08642552;1
2018-10-03 21:44;59,337043;18,08537754;1
2018-10-03 21:45;59,3359332;18,08687531;1
2018-10-03 21:46;59,33409951;18,08651489;1
2018-10-03 22:17;59,4056459;17,8650257;1
2018-10-02 07:21;59,50955023;17,75527959;2
2018-10-02 07:22;59,5095691;17,75519794;2
2018-10-02 07:23;59,50950732;17,75577986;2
2018-10-02 07:24;59,50947792;17,75655623;2
2018-10-02 07:25;59,50917439;17,75764739;2
2018-10-02 07:26;59,50918401;17,75761818;2
2018-10-02 07:37;59,5094604;17,7554317;2
2018-10-02 07:38;59,5094946;17,75538589;2
2018-10-02 07:39;59,50950407;17,75536683;2
2018-10-02 07:40;59,50950708;17,75537228;2
2018-10-02 07:41;59,50950975;17,75535443;2
2018-10-02 07:42;59,50951589;17,75530984;2
2018-10-02 07:43;59,5095223;17,75526945;2
2018-10-02 07:51;59,5095131;17,7554167;2
2018-10-02 07:52;59,50951666;17,75546071;2
2018-10-02 07:53;59,50949899;17,75540932;2
2018-10-02 07:54;59,50949972;17,75542803;2
2018-10-02 07:55;59,50949972;17,75547678;2
2018-10-02 07:56;59,50949889;17,75546057;2
2018-10-02 08:26;59,42894058;17,8473639;2
2018-10-02 08:27;59,42893013;17,84727563;2
2018-10-02 08:28;59,42893419;17,84736665;2
2018-10-02 08:29;59,42893419;17,84736665;2
2018-10-02 08:30;59,42892139;17,84734148;2
2018-10-02 08:31;59,42875851;17,84679937;2
2018-10-02 09:39;59,42436692;17,83353219;2
2018-10-02 09:40;59,42441708;17,83353767;2
2018-10-02 09:41;59,42441708;17,83353767;2
2018-10-02 09:42;59,42441283;17,83355885;2
2018-10-02 09:43;59,424385;17,83351433;2
2018-10-02 12:56;59,50947;17,755375;2
2018-10-02 12:57;59,5094606;17,75535839;2
2018-10-02 12:58;59,50947977;17,75537477;2
2018-10-02 12:59;59,50946679;17,75537597;2
2018-10-02 13:00;59,50947272;17,75539979;2
2018-10-02 13:01;59,50947666;17,75539134;2
2018-10-02 14:34;59,4502793;17,8333954;2
2018-10-02 14:35;59,4507661;17,8341917;2
2018-10-02 14:36;59,4504764;17,8334531;2
2018-10-02 14:37;59,45033043;17,83345512;2
2018-10-02 14:38;59,45031276;17,83338444;2
2018-10-02 14:39;59,4502707;17,83341453;2
2018-10-02 15:00;59,4502964;17,8333866;2
2018-10-02 15:01;59,45026606;17,83337225;2
2018-10-02 15:02;59,45027328;17,83337961;2
2018-10-02 15:03;59,45028697;17,83334765;2
2018-10-02 15:04;59,4502986;17,83336394;2
2018-10-02 15:05;59,45026468;17,83336011;2
2018-10-02 15:06;59,45026422;17,83339126;2
2018-10-02 15:07;59,45074666;17,83330568;2
2018-10-02 15:08;59,45379784;17,82878291;2
2018-10-02 15:09;59,45659786;17,82360858;2
2018-10-02 15:10;59,4556034;17,82105983;2
2018-10-02 15:11;59,45552523;17,8210082;2
2018-10-02 15:12;59,45601714;17,82337383;2
2018-10-02 15:26;59,4244211;17,8368868;2
2018-10-02 15:27;59,42442112;17,83688684;2
2018-10-02 15:28;59,42442112;17,83688684;2
2018-10-02 15:29;59,4244236;17,83692862;2
2018-10-02 15:30;59,42437167;17,83790136;2
2018-10-02 15:31;59,42470158;17,83418134;2
2018-10-02 15:32;59,42600093;17,83529816;2
2018-10-02 15:44;59,42670109;17,79567035;2
2018-10-02 15:45;59,42084256;17,81130911;2
2018-10-02 15:46;59,42391325;17,82082461;2
2018-10-02 15:47;59,4251336;17,82885003;2
2018-10-02 15:48;59,4252843;17,84101611;2
2018-10-02 15:49;59,42534467;17,84761966;2
2018-10-02 15:54;59,43305933;17,84519399;2
2018-10-02 15:55;59,42614282;17,84690572;2
2018-10-02 15:56;59,42142913;17,84580527;2
2018-10-02 15:57;59,42161293;17,83655948;2
2018-10-02 15:58;59,4206449;17,8354147;2
2018-10-02 15:59;59,4206478;17,83541129;2
2018-10-02 16:00;59,4206928;17,8353993;2
2018-10-02 16:02;59,4214407;17,83558778;2
2018-10-02 16:03;59,42123318;17,84464438;2
2018-10-02 16:04;59,42240595;17,85521333;2
2018-10-02 16:05;59,42014842;17,85987188;2
2018-10-02 16:06;59,41761528;17,85932752;2
2018-10-02 17:17;59,31211101;18,08270488;2
2018-10-02 17:18;59,3116818;18,07836627;2
2018-10-02 17:19;59,31320329;18,07723856;2
2018-10-02 17:20;59,3137925;18,07698026;2
2018-10-02 17:21;59,31353453;18,07407248;2
2018-10-02 17:22;59,31569476;18,07257747;2
2018-10-02 17:42;59,35039399;18,05119654;2
2018-10-02 03:29;59,2647228;18,0086387;3
2018-10-02 03:30;59,2647457;18,0086447;3
2018-10-02 03:31;59,2647293;18,0086516;3
2018-10-02 03:32;59,2647479;18,0086124;3
2018-10-02 03:33;59,2648546;18,0089248;3
2018-10-02 03:34;59,2647313;18,0086263;3
2018-10-02 03:35;59,2647143;18,0086137;3
2018-10-02 03:36;59,26463411;18,0085212;3
2018-10-02 03:37;59,2647209;18,0086147;3
2018-10-02 03:38;59,26465174;18,00866623;3
2018-10-02 03:39;59,2647303;18,0086264;3
2018-10-02 03:40;59,2647302;18,0086073;3
2018-10-02 03:48;0;0;3
2018-10-02 03:49;59,2647095;18,0086151;3
2018-10-02 03:50;59,2647021;18,0085914;3
2018-10-02 03:51;59,2646799;18,008602;3
2018-10-02 03:52;59,2646908;18,0085901;3
2018-10-02 03:53;59,2646908;18,0085901;3
2018-10-02 03:54;59,2646908;18,0085901;3
2018-10-02 03:55;59,2646908;18,0085901;3
2018-10-02 03:56;59,2646908;18,0085901;3
2018-10-02 04:13;59,2646984;18,008608;3
2018-10-02 04:14;59,2647169;18,008603;3
2018-10-02 04:15;59,2647169;18,008603;3
2018-10-02 04:16;59,2647169;18,008603;3
2018-10-02 04:17;59,2647169;18,008603;3
2018-10-02 04:18;59,2647169;18,008603;3
2018-10-02 04:19;59,2647169;18,008603;3
2018-10-02 04:47;59,2416991;18,2392659;3
2018-10-02 04:48;59,2414557;18,2403387;3
2018-10-02 04:49;59,24124479;18,23958026;3
2018-10-02 04:50;59,24106381;18,23975641;3
2018-10-02 04:51;59,24186741;18,23912323;3
2018-10-02 04:52;59,24019876;18,24148542;3
2018-10-02 04:53;59,24024173;18,23873651;3
2018-10-02 04:54;59,2402876;18,2386001;3
2018-10-02 04:55;59,2403759;18,2386801;3
2018-10-02 04:56;59,2403283;18,2385603;3
2018-10-02 04:57;59,2402506;18,2386302;3
2018-10-02 04:58;59,24106611;18,24205145;3
2018-10-02 04:59;59,24397685;18,23407423;3
2018-10-02 05:00;59,24727503;18,23072773;3
2018-10-02 05:01;59,24928585;18,2254611;3
2018-10-02 05:26;59,3383173;18,0111787;3
2018-10-02 05:27;59,3454394;18,0134225;3
2018-10-02 05:28;59,3441262;18,025773;3
2018-10-02 05:29;59,3468196;18,0310419;3
2018-10-02 05:30;59,3599191;18,0278089;3
2018-10-02 05:31;59,3692371;18,0202646;3
2018-10-02 05:32;59,3797471;18,0114229;3
2018-10-02 05:33;59,3893984;17,9986721;3
2018-10-02 05:34;59,3973504;17,9802827;3
2018-10-02 05:35;59,4064956;17,9629297;3
2018-10-02 05:36;59,4145089;17,9414104;3
2018-10-02 05:37;59,4225248;17,9247623;3
2018-10-02 05:38;59,4335245;17,9230961;3
2018-10-02 05:39;59,4479715;17,9199665;3
2018-10-02 05:40;59,4607479;17,9111667;3
2018-10-02 05:41;59,4723768;17,9148154;3
2018-10-02 05:42;59,4855129;17,9192891;3
2018-10-02 05:43;59,4989681;17,9245972;3
2018-10-02 05:44;59,51339;17,924071;3
2018-10-02 05:45;59,5276707;17,9247973;3
2018-10-02 05:46;59,5389152;17,908213;3
2018-10-02 05:47;59,5532456;17,898926;3
2018-10-02 05:48;59,5684997;17,8976134;3
2018-10-02 05:49;59,5827196;17,90066148;3
2018-10-02 05:50;59,5959;17,8962059;3
2018-10-02 05:51;59,6094411;17,8996364;3
2018-10-02 05:52;59,6205146;17,908363;3
2018-10-02 05:53;59,6302568;17,9243521;3
2018-10-02 05:54;59,6397778;17,9389126;3
2018-10-02 05:55;59,6480388;17,9350888;3
2018-10-02 05:56;59,6516348;17,9330941;3
2018-10-02 05:57;59,6515377;17,9321657;3
2018-10-02 05:58;59,6515295;17,932174;3
2018-10-02 05:59;59,6515239;17,9322149;3
2018-10-02 06:00;59,6500105;17,9302822;3
2018-10-02 06:01;59,6451906;17,931351;3
2018-10-02 06:02;59,6380049;17,935901;3
2018-10-02 06:03;59,6295871;17,9229886;3
2018-10-02 06:04;59,6296432;17,8985617;3
2018-10-02 06:05;59,6307721;17,8976303;3
2018-10-02 06:06;59,6313638;17,8840396;3
2018-10-02 06:07;59,6303055;17,8675399;3
2018-10-02 06:08;59,6285855;17,8603028;3
2018-10-02 06:09;59,6277725;17,8603866;3
2018-10-02 06:10;59,6220671;17,8592673;3
2018-10-02 06:11;59,618242;17,8560707;3
2018-10-02 06:12;59,615848;17,8494526;3
2018-10-02 06:13;59,6179703;17,8508893;3
2018-10-02 06:14;59,6160042;17,8456554;3
2018-10-02 06:15;59,6166262;17,849531;3
2018-10-02 06:16;59,6166144;17,8495702;3
2018-10-02 06:17;59,6166054;17,8495697;3
2018-10-02 06:18;59,6166341;17,8495826;3
2018-10-02 06:19;59,6166608;17,8495535;3
2018-10-02 06:20;59,6166574;17,8495544;3
2018-10-02 06:21;59,6166517;17,8495552;3
2018-10-02 06:22;59,6166524;17,8495492;3
2018-10-02 06:23;59,6166115;17,8495151;3
2018-10-02 06:24;59,6166184;17,8495209;3
2018-10-02 06:25;59,61664969;17,84954861;3
2018-10-02 06:26;59,61660994;17,84952519;3
2018-10-02 06:27;59,6159718;17,8458887;3
2018-10-02 06:28;59,6181808;17,851094;3
2018-10-02 06:29;59,61662576;17,84954271;3
2018-10-02 06:30;59,6166461;17,8496162;3
2018-10-02 06:31;59,6166525;17,8495822;3
2018-10-02 06:32;59,6166491;17,8495699;3
2018-10-02 06:33;59,6166338;17,849554;3
2018-10-02 06:34;59,6166168;17,849559;3
2018-10-02 06:35;59,61662215;17,84954892;3
2018-10-02 06:36;59,6179454;17,8504871;3
2018-10-02 06:37;59,6158279;17,8494913;3
2018-10-02 06:38;59,613863;17,8625063;3
2018-10-02 06:39;59,6116459;17,8755239;3
2018-10-02 06:40;59,6131853;17,8653874;3
2018-10-02 06:41;59,6082387;17,8768203;3
2018-10-02 06:42;59,601026;17,8820651;3
2018-10-02 06:43;59,5928001;17,8903441;3
2018-10-02 06:44;59,5854005;17,8968532;3
2018-10-02 06:45;59,5777144;17,8975365;3
2018-10-02 06:46;59,5725199;17,8961764;3
2018-10-02 06:47;59,564926;17,89541;3
2018-10-02 06:48;59,5552931;17,8956986;3
2018-10-02 06:49;59,5534552;17,8998451;3
2018-10-02 06:50;59,5399135;17,9122028;3
2018-10-02 06:51;59,5329543;17,9244145;3
2018-10-02 06:52;59,5268859;17,9267247;3
2018-10-02 06:53;59,5186578;17,9282702;3
2018-10-02 06:54;59,514858;17,9270475;3
2018-10-02 06:55;59,5144705;17,9193545;3
2018-10-02 06:56;59,5144424;17,9190425;3
2018-10-02 06:57;59,5135198;17,920167;3
2018-10-02 06:58;59,5135198;17,920167;3
2018-10-02 06:59;59,5135307;17,9200199;3
2018-10-02 07:00;59,5135341;17,9199754;3
2018-10-02 07:01;59,5135352;17,9200028;3
2018-10-02 07:02;59,5135215;17,9200243;3
2018-10-02 07:03;59,513527;17,9200111;3
2018-10-02 07:04;59,5135219;17,9199901;3
2018-10-02 07:05;59,5131857;17,9200335;3
2018-10-02 07:06;59,5131063;17,9197615;3
2018-10-02 07:07;59,5135105;17,9200487;3
2018-10-02 07:08;59,51359958;17,92006512;3
2018-10-02 07:09;59,51433823;17,92317133;3
2018-10-02 07:10;59,51389478;17,92999027;3
2018-10-02 07:11;59,51230895;17,93963715;3
2018-10-02 07:12;59,51399969;17,94671925;3
2018-10-02 07:13;59,5147991;17,94607864;3
2018-10-02 07:18;59,505668;17,9514192;3
2018-10-02 07:19;59,5007956;17,9502782;3
2018-10-02 07:20;59,4944574;17,9491152;3
2018-10-02 07:21;59,4899314;17,9460834;3
2018-10-02 07:22;59,48674908;17,9356532;3
2018-10-02 07:23;59,4846911;17,9292714;3
2018-10-02 07:24;59,4836544;17,9298777;3
2018-10-02 07:25;59,4845725;17,9278942;3
2018-10-02 07:26;59,4845599;17,9174157;3
2018-10-02 07:27;59,4891401;17,9201657;3
2018-10-02 07:28;59,4954598;17,9214597;3
2018-10-02 07:29;59,4963048;17,9243807;3
2018-10-02 07:30;59,4963118;17,9243868;3
2018-10-02 07:31;59,4963118;17,9243868;3
2018-10-02 07:32;59,4963238;17,9243004;3
2018-10-02 07:33;59,4963238;17,9243004;3
2018-10-02 07:34;59,4963189;17,9243324;3
2018-10-02 07:35;59,4963134;17,9243289;3
2018-10-02 07:36;59,4963414;17,9243776;3
2018-10-02 07:37;59,4963482;17,9243739;3
2018-10-02 07:38;59,4963409;17,924329;3
2018-10-02 07:39;59,4963421;17,9243354;3
2018-10-02 07:40;59,4963481;17,9243666;3
2018-10-02 07:41;59,4963435;17,9243271;3
2018-10-02 07:42;59,4963392;17,9243291;3
2018-10-02 07:43;59,4963316;17,9242576;3
2018-10-02 07:44;59,4963309;17,9242478;3
2018-10-02 07:45;59,4963349;17,9242693;3
2018-10-02 07:46;59,4963382;17,9242662;3
2018-10-02 07:47;59,4963385;17,924278;3
2018-10-02 07:48;59,4963396;17,9242753;3
2018-10-02 07:49;59,4963457;17,9242763;3
2018-10-02 07:50;59,4963607;17,9242478;3
2018-10-02 07:51;59,4963932;17,9242078;3
2018-10-02 07:52;59,4963823;17,9242352;3
2018-10-02 07:53;59,4963729;17,9242428;3
2018-10-02 07:54;59,4963747;17,9242324;3
2018-10-02 07:55;59,496087;17,9254366;3
2018-10-02 07:56;59,4913929;17,9196143;3
2018-10-02 07:57;59,4757535;17,9147911;3
2018-10-02 07:58;59,4757535;17,9147911;3
2018-10-02 07:59;59,4588212;17,9115325;3
2018-10-02 08:00;59,4480998;17,9197032;3
2018-10-02 08:01;59,4370894;17,9242453;3
2018-10-02 08:02;59,4276509;17,9207998;3
2018-10-02 08:03;59,4185619;17,9307654;3
2018-10-02 08:04;59,4121106;17,9478197;3
2018-10-02 08:05;59,4057113;17,9643592;3
2018-10-02 08:06;59,3994432;17,9585857;3
2018-10-02 08:07;59,3909053;17,9473803;3
2018-10-02 08:08;59,3836268;17,935774;3
2018-10-02 08:09;59,3852937;17,9360812;3
2018-10-02 08:10;59,38735245;17,933472;3
2018-10-02 08:11;59,389668;17,9329158;3
2018-10-02 08:12;59,3910725;17,9350344;3
2018-10-02 08:13;59,3923339;17,9290287;3
2018-10-02 08:14;59,3904397;17,9277154;3
2018-10-02 08:15;59,3920876;17,9290636;3
2018-10-02 08:16;59,3925861;17,9273754;3
2018-10-02 08:17;59,39263182;17,92734942;3
2018-10-02 08:18;59,3924771;17,9278379;3
2018-10-02 08:19;59,3924771;17,9278379;3
2018-10-02 08:20;59,3924771;17,9278379;3
2018-10-02 08:21;59,3924771;17,9278379;3
2018-10-02 08:28;59,3926688;17,927424;3
2018-10-02 08:29;59,3927279;17,9273855;3
2018-10-02 08:30;59,3924777;17,9289208;3
2018-10-02 08:31;59,3918223;17,9310008;3
2018-10-02 08:32;59,390827;17,93473946;3
2018-10-02 08:33;59,3925403;17,9293361;3
2018-10-02 08:34;59,3926148;17,9273341;3
2018-10-02 08:35;59,3926147;17,9273367;3
2018-10-02 08:36;59,392569;17,9273939;3
2018-10-02 08:37;59,3925556;17,9274339;3
2018-10-02 08:38;59,3914205;17,9340491;3
2018-10-02 08:39;59,3869384;17,9330333;3
2018-10-02 08:40;59,3850488;17,9358052;3
2018-10-02 08:41;59,3820412;17,935684;3
2018-10-02 08:42;59,3887183;17,9437111;3
2018-10-02 08:43;59,3973626;17,9531168;3
2018-10-02 08:44;59,401524;17,9703065;3
2018-10-02 08:45;59,3943005;17,9861653;3
2018-10-02 08:46;59,387424;18,0018569;3
2018-10-02 08:47;59,3785877;18,0124676;3
2018-10-02 08:48;59,3689053;18,0201462;3
2018-10-02 08:49;59,3602848;18,0273531;3
2018-10-02 08:50;59,3530922;18,0390648;3
2018-10-02 08:51;59,3457382;18,0287708;3
2018-10-02 08:52;59,3454049;18,0114978;3
2018-10-02 08:53;59,335977;18,0104079;3
2018-10-02 08:54;59,3263801;18,0060341;3
2018-10-02 08:55;59,3189927;17,9977384;3
2018-10-02 08:56;59,3103128;18,0071819;3
2018-10-02 08:57;59,3028283;18,020326;3
2018-10-02 08:58;59,2964196;18,0336739;3
2018-10-02 08:59;59,2943128;18,0344239;3
2018-10-02 09:00;59,2890932;18,0221937;3
2018-10-02 09:01;59,2837774;18,0195869;3
2018-10-02 09:02;59,278137;18,0220533;3
2018-10-02 09:03;59,2734629;18,0112602;3
2018-10-02 09:04;59,271791;18,0150299;3
2018-10-02 09:05;59,26420537;18,02549411;3
2018-10-02 09:06;59,2608465;18,0363044;3
2018-10-02 09:07;59,2626046;18,04149;3
2018-10-02 09:08;59,2646354;18,0414915;3
2018-10-02 09:09;59,263934;18,042138;3
2018-10-02 09:10;59,2641942;18,0418719;3
2018-10-02 09:11;59,2641942;18,0418719;3
2018-10-02 09:12;59,2642347;18,0419315;3
2018-10-02 09:13;59,2642043;18,041888;3
2018-10-02 09:14;59,2642053;18,0418898;3
2018-10-02 09:15;59,264197;18,0418857;3
2018-10-02 09:16;59,264196;18,0418769;3
2018-10-02 09:17;59,2641919;18,0418659;3
2018-10-02 09:18;59,2642042;18,0418794;3
2018-10-02 09:19;59,2642095;18,0418717;3
2018-10-02 09:20;59,2642108;18,0418696;3
2018-10-02 09:21;59,26420589;18,04187953;3
2018-10-02 09:22;59,2642046;18,0418855;3
2018-10-02 09:23;59,2642018;18,0418863;3
2018-10-02 09:24;59,2641632;18,0424441;3
2018-10-02 09:25;59,2638773;18,0426244;3
2018-10-02 09:26;59,2601874;18,0376703;3
2018-10-02 09:27;59,2592028;18,0276972;3
2018-10-02 09:28;59,2640709;18,02077883;3
2018-10-02 09:29;59,26388058;18,01309956;3
2018-10-02 09:30;59,2644358;18,0091791;3
2018-10-02 09:31;59,2651814;18,0086884;3
2018-10-02 09:32;59,26518143;18,00868838;3
2018-10-02 09:33;59,2650142;18,0086131;3
2018-10-02 09:34;59,2648576;18,0087207;3
2018-10-02 09:35;59,2648576;18,0087207;3
2018-10-02 09:36;59,2648576;18,0087207;3
2018-10-02 09:37;59,2648576;18,0087207;3
2018-10-02 09:38;59,2648576;18,0087207;3
2018-10-02 09:40;59,2647342;18,0086095;3
2018-10-02 09:41;59,2647337;18,0086094;3
2018-10-02 09:42;59,2647337;18,0086097;3
2018-10-02 09:43;59,2647352;18,0086078;3
2018-10-02 09:44;59,2647319;18,008608;3
2018-10-02 09:45;59,2647342;18,0086096;3
2018-10-02 09:46;59,2647342;18,0086095;3
2018-10-02 09:47;59,2647335;18,0086095;3
2018-10-02 09:48;59,2647213;18,0086001;3
2018-10-02 09:49;59,264717;18,0086041;3
2018-10-02 09:50;59,2647536;18,008626;3
2018-10-02 09:51;59,26478;18,0086574;3
2018-10-02 09:52;59,2647515;18,0086373;3
2018-10-02 09:53;59,2647304;18,0086376;3
2018-10-02 09:54;59,2647645;18,0084971;3
2018-10-02 09:55;59,2647691;18,0086439;3
2018-10-02 09:56;59,2648024;18,0086749;3
2018-10-02 09:57;59,2647819;18,0086593;3
2018-10-02 09:58;59,2647786;18,0086491;3
2018-10-02 09:59;59,2647807;18,0086529;3
2018-10-02 10:00;59,2647478;18,0086386;3
2018-10-02 10:01;59,2647524;18,008638;3
2018-10-02 10:02;59,2647275;18,0086201;3
2018-10-02 10:03;59,2647286;18,0086204;3
2018-10-02 10:04;59,2647289;18,0086202;3
2018-10-02 10:05;59,2647343;18,0086095;3
2018-10-02 10:06;59,2647914;18,008659;3
2018-10-02 10:07;59,2647338;18,0086092;3
2018-10-02 10:27;59,28776673;18,09168967;3
2018-10-02 10:28;59,2868155;18,0917866;3
2018-10-02 10:29;59,2870577;18,0917048;3
2018-10-02 10:30;59,2872259;18,0916923;3
2018-10-02 10:31;59,2871852;18,0917385;3
2018-10-02 10:32;59,2872457;18,091738;3
2018-10-02 10:33;59,287242;18,0917398;3
2018-10-02 10:34;59,28720232;18,09173682;3
2018-10-02 10:35;59,28647683;18,09198989;3
2018-10-02 10:36;59,2878311;18,0917609;3
2018-10-02 10:37;59,2878311;18,0917609;3
2018-10-02 10:38;59,28783105;18,09176094;3
2018-10-02 10:39;59,2878311;18,0917609;3
2018-10-02 10:40;59,2884907;18,0928177;3
2018-10-02 10:41;59,2894456;18,0938476;3
2018-10-02 10:42;59,2887053;18,0882962;3
2018-10-02 10:43;59,289082;18,0862167;3
2018-10-02 10:44;59,2889806;18,0854567;3
2018-10-02 10:45;59,2906073;18,0870199;3
2018-10-02 10:46;59,2981998;18,0827242;3
2018-10-02 10:47;59,3059448;18,075847;3
2018-10-02 10:48;59,3159902;18,0705965;3
2018-10-02 10:49;59,3232935;18,0669264;3
2018-10-02 10:50;59,3296929;18,0617983;3
2018-10-02 10:51;59,3291551;18,0632425;3
2018-10-02 10:52;59,3286899;18,0611582;3
2018-10-02 10:53;59,3315876;18,0586544;3
2018-10-02 10:54;59,3341415;18,056271;3
2018-10-02 10:55;59,3354414;18,0537772;3
2018-10-02 10:58;59,3398124;18,0394554;3
2018-10-02 10:59;59,3410938;18,0381028;3
2018-10-02 11:00;59,3432683;18,0389724;3
2018-10-02 11:01;59,3455205;18,0397766;3
2018-10-02 11:02;59,3493411;18,0428698;3
2018-10-02 11:56;59,33473285;18,01931462;3
2018-10-02 11:57;59,3348551;18,0191995;3
2018-10-02 11:58;59,3347823;18,0189387;3
2018-10-02 11:59;59,3347605;18,0193981;3
2018-10-02 12:00;59,334939;18,0202539;3
2018-10-02 12:01;59,3347444;18,0193779;3
2018-10-02 12:02;59,3347373;18,0194018;3
2018-10-02 12:03;59,33473708;18,01941687;3
2018-10-02 12:04;59,3347269;18,0194208;3
2018-10-02 12:05;59,3347456;18,0194306;3
2018-10-02 12:06;59,3347372;18,0194448;3
2018-10-02 12:07;59,3347571;18,0194421;3
2018-10-02 12:08;59,3347282;18,019462;3
2018-10-02 12:09;59,3345471;18,0203767;3
2018-10-02 12:10;59,3347002;18,0196237;3
2018-10-02 12:11;59,3347048;18,0196115;3
2018-10-02 12:12;59,3346968;18,0196197;3
2018-10-02 12:13;59,3347105;18,019657;3
2018-10-02 12:14;59,3347093;18,0197011;3
2018-10-02 12:15;59,3346366;18,0197742;3
2018-10-02 12:16;59,3346236;18,0198319;3
2018-10-02 12:17;59,3351714;18,0207172;3
2018-10-02 12:18;59,3345902;18,0198072;3
2018-10-02 12:19;59,3345815;18,0198133;3
2018-10-02 12:20;59,3346065;18,0197426;3
2018-10-02 12:21;59,3348437;18,0205768;3
2018-10-02 12:22;59,3351635;18,0206234;3
2018-10-02 12:23;59,3350568;18,0207756;3
2018-10-02 12:24;59,334582;18,0197814;3
2018-10-02 12:25;59,3345934;18,019786;3
2018-10-02 12:26;59,3346158;18,0198112;3
2018-10-02 12:27;59,3345987;18,0198369;3
2018-10-02 12:28;59,334617;18,0197728;3
2018-10-02 12:29;59,3346239;18,019719;3
2018-10-02 12:30;59,334617;18,0197277;3
2018-10-02 12:31;59,3353308;18,0207719;3
2018-10-02 12:32;59,335301;18,0209883;3
2018-10-02 12:33;59,33462378;18,01987693;3
2018-10-02 12:34;59,33538621;18,02094901;3
2018-10-02 12:35;59,33497663;18,02162268;3
2018-10-02 12:36;59,33531563;18,02562445;3
2018-10-02 12:37;59,33484864;18,03039298;3
2018-10-02 12:38;59,33470066;18,03192803;3
2018-10-02 12:49;59,34754983;18,04915439;3
2018-10-02 12:50;59,3481204;18,0491688;3
2018-10-02 12:51;59,34727814;18,04831141;3
2018-10-02 12:52;59,34713531;18,04775824;3
2018-10-02 12:53;59,34725629;18,04836311;3
2018-10-02 12:54;59,34754597;18,04908458;3
2018-10-02 12:55;59,3474364;18,0494511;3
2018-10-02 12:56;59,34755946;18,04908003;3
2018-10-02 13:01;59,34759355;18,04910335;3
2018-10-02 13:02;59,3476199;18,0490745;3
2018-10-02 13:03;59,347619;18,0490611;3
2018-10-02 13:04;59,3476243;18,0490547;3
2018-10-02 13:05;59,34901308;18,0509848;3
2018-10-02 13:06;59,34970287;18,05026135;3
2018-10-02 13:07;59,3498848;18,0461595;3
2018-10-02 13:08;59,3534268;18,0356327;3
2018-10-02 13:09;59,36392538;18,02577743;3
2018-10-02 13:20;59,352061;17,9575101;3
2018-10-02 13:21;59,3517481;17,9569538;3
2018-10-02 13:22;59,3534209;17,9551958;3
2018-10-02 13:23;59,3562112;17,9473101;3
2018-10-02 13:24;59,3555903;17,9461258;3
2018-10-02 13:25;59,3542511;17,9471388;3
2018-10-02 13:26;59,3528395;17,9556366;3
2018-10-02 13:27;59,3467736;17,9580702;3
2018-10-02 13:28;59,3449351;17,9591452;3
2018-10-02 13:29;59,3402825;17,9622651;3
2018-10-02 13:30;59,335954;17,9673973;3
2018-10-02 13:31;59,3350545;17,9683851;3
2018-10-02 13:32;59,3334181;17,9744676;3
2018-10-02 13:33;59,3329715;17,9879622;3
2018-10-02 13:34;59,331964;18,0065459;3
2018-10-02 13:35;59,3313716;18,0196406;3
2018-10-02 13:36;59,3323752;18,0200292;3
2018-10-02 13:37;59,33196417;18,0193265;3
2018-10-02 13:38;59,3317243;18,0229397;3
2018-10-02 13:39;59,33315078;18,02433921;3
2018-10-02 13:40;59,33517928;18,02686992;3
2018-10-02 13:41;59,33486597;18,03084279;3
2018-10-02 13:42;59,3339965;18,0303481;3
2018-10-02 13:43;59,33375554;18,03040167;3
2018-10-02 13:44;59,33375554;18,03040167;3
2018-10-02 13:45;59,33352727;18,03000525;3
2018-10-02 13:46;59,33340947;18,03107873;3
2018-10-02 13:47;59,33336143;18,03131964;3
2018-10-02 13:48;59,33234282;18,03145591;3
2018-10-02 13:49;59,33089027;18,02913415;3
2018-10-02 13:50;59,33116052;18,0276096;3
2018-10-02 13:51;59,3311589;18,0275203;3
2018-10-02 13:52;59,3311489;18,0274949;3
2018-10-02 13:53;59,3312045;18,0274593;3
2018-10-02 13:54;59,3311606;18,0275117;3
2018-10-02 13:55;59,3311962;18,0275378;3
2018-10-02 13:56;59,3312083;18,0275719;3
2018-10-02 13:57;59,3311919;18,027653;3
2018-10-02 13:58;59,3311648;18,0276268;3
2018-10-02 13:59;59,3312058;18,0276556;3
2018-10-02 14:00;59,3312018;18,027588;3
2018-10-02 14:01;59,331216;18,0275348;3
2018-10-02 14:02;59,3312005;18,0274647;3
2018-10-02 14:03;59,33103986;18,02741962;3
2018-10-02 14:04;59,33120231;18,03027948;3
2018-10-02 14:05;59,33222802;18,03144225;3
2018-10-02 14:06;59,334281;18,0326733;3
2018-10-02 14:07;59,33890852;18,03615355;3
2018-10-02 14:08;59,34058904;18,03728482;3
2018-10-02 14:09;59,34012377;18,038691;3
2018-10-02 14:10;59,34135902;18,04478789;3
2018-10-02 14:11;59,34137154;18,04805246;3
2018-10-02 14:12;59,33991958;18,05130484;3
2018-10-02 14:13;59,33753377;18,05376483;3
2018-10-02 14:14;59,3385569;18,05549143;3
2018-10-02 14:15;59,3387523;18,0547006;3
2018-10-02 14:16;59,3387523;18,0547006;3
2018-10-02 14:17;59,3387523;18,0547006;3
2018-10-02 14:18;59,3387283;18,0548294;3
2018-10-02 14:19;59,3387069;18,0548615;3
2018-10-02 14:20;59,3384803;18,0548942;3
2018-10-02 14:21;59,3386254;18,0547741;3
2018-10-02 14:22;59,3386687;18,0547871;3
2018-10-02 14:23;59,3386189;18,0547588;3
2018-10-02 14:24;59,3386057;18,0548738;3
2018-10-02 14:25;59,3385896;18,054857;3
2018-10-02 14:26;59,33876196;18,05492499;3
2018-10-02 14:27;59,3387547;18,0548067;3
2018-10-02 14:28;59,338717;18,0547579;3
2018-10-02 14:29;59,3386352;18,0551397;3
2018-10-02 14:30;59,3386885;18,0549058;3
2018-10-02 14:31;59,33892382;18,05518808;3
2018-10-02 14:32;59,3385645;18,0548405;3
2018-10-02 14:33;59,33808782;18,05319782;3
2018-10-02 14:34;59,33834572;18,05573019;3
2018-10-02 14:35;59,33951831;18,05936596;3
2018-10-02 14:36;59,3394215;18,059501;3
2018-10-02 14:37;59,341178;18,0583643;3
2018-10-02 14:38;59,3468425;18,0527317;3
2018-10-02 14:39;59,3492573;18,0505265;3
2018-10-02 14:40;59,3503444;18,0497997;3
2018-10-02 14:41;59,353587;18,0392787;3
2018-10-02 14:42;59,3580328;18,0306309;3
2018-10-02 14:43;59,3636727;18,0245078;3
2018-10-02 14:44;59,3669754;18,0206845;3
2018-10-02 14:45;59,3689814;18,0181579;3
2018-10-02 14:46;59,37605274;18,01538275;3
2018-10-02 14:47;59,38258149;18,00798944;3
2018-10-02 14:48;59,39091183;17,99451362;3
2018-10-02 14:49;59,39465174;17,98580098;3
2018-10-02 15:08;59,617981;17,9041277;3
2018-10-02 15:09;59,6287901;17,9220558;3
2018-10-02 15:10;59,6386244;17,9366295;3
2018-10-02 15:11;59,6481702;17,9337113;3
2018-10-02 15:12;59,6503285;17,9299935;3
2018-10-02 15:13;59,6515354;17,932132;3
2018-10-02 15:14;59,6494546;17,9303103;3
2018-10-02 15:15;59,6443188;17,9334777;3
2018-10-02 15:16;59,6460294;17,9342753;3
2018-10-02 15:17;59,6455125;17,9344017;3
2018-10-02 15:18;59,64477333;17,93438148;3
2018-10-02 15:19;59,6456325;17,9346419;3
2018-10-02 15:20;59,6456325;17,9346419;3
2018-10-02 15:21;59,6456325;17,9346419;3
2018-10-02 15:22;59,6456325;17,9346419;3
2018-10-02 15:23;59,6456325;17,9346419;3
2018-10-02 15:24;59,6456325;17,9346419;3
2018-10-02 15:25;59,6455301;17,9343457;3
2018-10-02 15:26;59,6451108;17,9346375;3
2018-10-02 15:27;59,6452483;17,9417609;3
2018-10-02 15:28;59,648473;17,941306;3
2018-10-02 15:29;59,6485054;17,9414192;3
2018-10-02 15:30;59,6488655;17,9410312;3
2018-10-02 15:31;59,6485211;17,9413883;3
2018-10-02 15:32;59,6485127;17,9413482;3
2018-10-02 15:33;59,6485121;17,940285;3
2018-10-02 15:34;59,6448007;17,9413236;3
2018-10-02 15:35;59,6384763;17,9388106;3
2018-10-02 15:36;59,6307521;17,928082;3
2018-10-02 15:37;59,62516293;17,92804963;3
2018-10-02 15:38;59,62071414;17,9273045;3
2018-10-02 15:39;59,61355064;17,92162868;3
2018-10-02 15:40;59,60641082;17,9129575;3
2018-10-02 15:41;59,5992821;17,90669081;3
2018-10-02 15:42;59,59300887;17,89514766;3
2018-10-02 15:43;59,58785842;17,8941499;3
2018-10-02 15:44;59,5812386;17,8978014;3
2018-10-02 15:45;59,5743827;17,8955293;3
2018-10-02 15:46;59,5653368;17,8953547;3
2018-10-02 15:47;59,5528778;17,8959312;3
2018-10-02 15:48;59,5439638;17,905024;3
2018-10-02 15:49;59,5377816;17,9171982;3
2018-10-02 15:50;59,5301065;17,924979;3
2018-10-02 15:51;59,5283987;17,9264462;3
2018-10-02 15:52;59,5180194;17,9281882;3
2018-10-02 15:53;59,512935;17,9235306;3
2018-10-02 15:54;59,4990387;17,9243595;3
2018-10-02 15:55;59,4855138;17,9190057;3
2018-10-02 15:56;59,4715895;17,9139016;3
2018-10-02 15:57;59,4571906;17,9128121;3
2018-10-02 15:58;59,4427116;17,9221996;3
2018-10-02 15:59;59,4287272;17,9198309;3
2018-10-02 16:00;59,4175277;17,9335974;3
2018-10-02 16:02;59,3975298;17,9798276;3
2018-10-02 16:03;59,3879453;18,0012629;3
2018-10-02 16:04;59,3764265;18,014836;3
2018-10-02 16:05;59,3636018;18,024334;3
2018-10-02 16:06;59,3550758;18,0353435;3
2018-10-02 16:07;59,34645928;18,03050465;3
2018-10-02 16:08;59,34553936;18,01198141;3
2018-10-02 16:09;59,33505857;18,00996916;3
2018-10-02 16:10;59,3251838;18,002308;3
2018-10-02 16:11;59,316168;18,0015813;3
2018-10-02 16:12;59,3065083;18,0130311;3
2018-10-02 16:13;59,2991534;18,0267675;3
2018-10-02 16:14;59,2955678;18,0353432;3
2018-10-02 16:15;59,2909454;18,0258838;3
2018-10-02 16:16;59,2858716;18,0202377;3
2018-10-02 16:17;59,2799785;18,0212241;3
2018-10-02 16:18;59,2745281;18,0137106;3
2018-10-02 16:19;59,2660952;18,0052773;3
2018-10-02 16:20;59,2644672;18,0090473;3
2018-10-02 16:21;59,2646559;18,0089369;3
2018-10-02 16:22;59,26506339;18,00863459;3
2018-10-02 16:23;59,2652141;18,0082614;3
2018-10-02 16:24;59,2652141;18,0082614;3
2018-10-02 16:25;59,2652141;18,0082614;3
2018-10-02 16:26;59,2652141;18,0082614;3
2018-10-02 16:27;59,2652141;18,0082614;3
2018-10-02 16:57;59,2647348;18,0086096;3
2018-10-02 17:18;59,2647279;18,0086196;3
2018-10-02 17:19;59,2646975;18,0085744;3
2018-10-02 17:20;59,2646975;18,0085744;3
2018-10-02 17:21;59,2646975;18,0085744;3
2018-10-02 17:22;59,2646975;18,0085744;3
2018-10-02 17:23;59,2646975;18,0085744;3
2018-10-02 17:24;59,2646975;18,0085744;3
2018-10-02 17:37;59,26493015;18,00849766;3
2018-10-02 17:38;59,2647342;18,0086088;3
2018-10-02 17:39;59,264734;18,0086075;3
2018-10-02 17:40;59,2646934;18,0085565;3
2018-10-02 17:41;59,2646926;18,0085565;3
2018-10-02 17:42;59,2647417;18,0086147;3
2018-10-02 19:42;59,2646843;18,0085666;3
2018-10-02 19:43;59,2647306;18,0085812;3
2018-10-02 19:44;59,2647328;18,0086164;3
2018-10-02 19:45;59,2647207;18,0086378;3
2018-10-02 19:46;59,2647341;18,0086046;3
2018-10-02 19:47;59,2647164;18,0085874;3
2018-10-02 19:48;59,2647303;18,0085962;3
2018-10-02 19:49;59,2647249;18,008578;3
2018-10-02 19:50;59,26432477;18,00903232;3
2018-10-02 19:51;59,264714;18,0085816;3
2018-10-02 19:52;59,2647029;18,0085711;3
2018-10-02 19:53;59,2647187;18,0085768;3
2018-10-02 19:54;59,2647141;18,0085872;3
2018-10-02 19:55;59,264716;18,0085765;3
2018-10-02 19:56;59,2647;18,0085528;3
2018-10-02 20:07;59,2647186;18,0085759;3
2018-10-02 20:08;59,2647218;18,0085996;3
2018-10-02 20:09;59,2647231;18,0085997;3
2018-10-02 20:10;59,2638714;18,0087329;3
2018-10-02 20:11;59,2647151;18,0085777;3
2018-10-02 20:12;59,2647169;18,0085738;3
2018-10-02 20:13;59,2647181;18,0085742;3
2018-10-02 20:14;59,2647162;18,0085727;3
2018-10-02 20:15;59,264716;18,008573;3
2018-10-02 20:16;59,2647236;18,0085836;3
2018-10-02 20:17;59,2646921;18,0085566;3
2018-10-02 20:18;59,2647179;18,0085747;3
2018-10-02 20:19;59,2647175;18,0085737;3
2018-10-02 20:20;59,264717;18,0085742;3
2018-10-02 20:21;59,2647221;18,0085768;3
2018-10-02 20:22;59,2647167;18,0085785;3
2018-10-02 20:23;59,2647185;18,0085753;3
2018-10-02 20:24;59,2647174;18,008574;3
2018-10-02 20:25;59,2647171;18,0085741;3
2018-10-02 20:26;59,264717;18,0085775;3
2018-10-02 03:05;59,41144119;17,92532529;5
2018-10-02 03:06;59,41104588;17,92647639;5
2018-10-02 03:07;59,41057826;17,92747318;5
2018-10-02 03:08;59,41000202;17,92835797;5
2018-10-02 03:09;59,40988874;17,92951153;5
2018-10-02 03:10;59,4093991;17,9304793;5
2018-10-02 03:11;59,4104637;17,9316858;5
2018-10-02 03:12;59,4103749;17,9296875;5
2018-10-02 03:13;59,40956438;17,93037782;5
2018-10-02 03:14;59,41212138;17,92335709;5
2018-10-02 03:15;59,41391858;17,92858368;5
2018-10-02 03:16;59,41485274;17,93962968;5
2018-10-02 03:30;59,3545768;17,9981985;5
2018-10-02 03:31;59,3545768;17,99819848;5
2018-10-02 03:32;59,35461553;17,99826521;5
2018-10-02 03:33;59,35466526;17,99821921;5
2018-10-02 03:34;59,35466526;17,99821921;5
2018-10-02 03:35;59,35469579;17,99831776;5
2018-10-02 03:36;59,35471308;17,99820913;5
2018-10-02 03:37;59,35470838;17,99820884;5
2018-10-02 03:38;59,35469954;17,99822767;5
2018-10-02 03:49;59,3962072;17,9825695;5
2018-10-02 03:50;59,40689129;17,96209671;5
2018-10-02 03:51;59,41535103;17,93932949;5
2018-10-02 03:52;59,4273338;17,92166616;5
2018-10-02 03:53;59,43870417;17,92442718;5
2018-10-02 03:54;59,454966;17,91535673;5
2018-10-02 03:55;59,46468609;17,91100877;5
2018-10-02 04:00;59,54332274;17,90374974;5
2018-10-02 04:01;59,55852675;17,89812157;5
2018-10-02 04:02;59,57448513;17,89979732;5
2018-10-02 04:03;59,59106772;17,89701126;5
2018-10-02 04:04;59,60666019;17,89986457;5
2018-10-02 04:05;59,61436215;17,89993765;5
2018-10-02 04:09;59,6517921;17,9342739;5
2018-10-02 04:10;59,65158333;17,93235344;5
2018-10-02 04:11;59,65158333;17,93235344;5
2018-10-02 04:12;59,65071378;17,93014774;5
2018-10-02 04:13;59,64701772;17,92918651;5
2018-10-02 04:14;59,64508074;17,93510417;5
2018-10-02 04:15;59,64590868;17,93430823;5
2018-10-02 04:16;59,64543205;17,93432014;5
2018-10-02 04:17;59,64545001;17,93423454;5
2018-10-02 04:18;59,645453;17,9342923;5
2018-10-02 04:19;59,6453935;17,93457657;5
2018-10-02 04:20;59,64543058;17,9347817;5
2018-10-02 04:21;59,64546345;17,93424411;5
2018-10-02 04:22;59,64545442;17,9342253;5
2018-10-02 04:23;59,64544976;17,93427673;5
2018-10-02 04:24;59,64544583;17,9342567;5
2018-10-02 04:25;59,64544211;17,93426969;5
2018-10-02 04:26;59,6454391;17,9342521;5
2018-10-02 04:27;59,64545509;17,93425195;5
2018-10-02 04:28;59,64544531;17,93423853;5
2018-10-02 04:29;59,64544551;17,9342418;5
2018-10-02 04:30;59,64543845;17,93419576;5
2018-10-02 04:31;59,64544056;17,93425524;5
2018-10-02 04:32;59,64545044;17,93424985;5
2018-10-02 04:33;59,64546136;17,93428343;5
2018-10-02 04:34;59,64545321;17,93427375;5
2018-10-02 04:35;59,64546807;17,93426251;5
2018-10-02 04:44;59,6454655;17,9341791;5
2018-10-02 04:45;59,64545776;17,93418435;5
2018-10-02 04:46;59,64545671;17,934205;5
2018-10-02 04:47;59,64545397;17,93422485;5
2018-10-02 04:48;59,64545502;17,93421101;5
2018-10-02 04:49;59,64545773;17,93421333;5
2018-10-02 04:50;59,6454602;17,93426396;5
2018-10-02 06:32;59,5757152;17,9000549;5
2018-10-02 06:33;59,5730476;17,898953;5
2018-10-02 06:34;59,56868465;17,89743624;5
2018-10-02 06:35;59,56024171;17,89766351;5
2018-10-02 06:36;59,54951595;17,89971209;5
2018-10-02 06:37;59,53673156;17,91093774;5
2018-10-02 06:38;59,52404625;17,92634537;5
2018-10-02 06:39;59,51044335;17,92378305;5
2018-10-02 07:04;59,3513511;17,9808389;5
2018-10-02 07:05;59,35135107;17,98083894;5
2018-10-02 07:06;59,35135107;17,98083894;5
2018-10-02 07:07;59,35145355;17,98162613;5
2018-10-02 07:08;59,34948542;17,9903562;5
2018-10-02 07:09;59,34866;17,9969471;5
2018-10-02 07:10;59,34825777;18,00172031;5
2018-10-02 07:11;59,34995004;18,00575107;5
2018-10-02 07:12;59,34978886;18,00777373;5
2018-10-02 07:13;59,3500907;18,00751368;5
2018-10-02 07:14;59,3500907;18,00751368;5
2018-10-02 07:15;59,3500907;18,00751368;5
2018-10-02 07:16;59,35010278;18,00709708;5
2018-10-02 07:17;59,3501032;18,00711141;5
2018-10-02 07:18;59,35011733;18,00716555;5
2018-10-02 07:19;59,3501138;18,00713127;5
2018-10-02 07:20;59,35013867;18,00711554;5
2018-10-02 07:21;59,35013246;18,00714244;5
2018-10-02 07:22;59,35010255;18,00712454;5
2018-10-02 07:23;59,35012255;18,0071454;5
2018-10-02 07:24;59,35010438;18,00714506;5
2018-10-02 07:25;59,35009683;18,00715387;5
2018-10-02 07:26;59,34989418;18,00651176;5
2018-10-02 07:27;59,34487049;18,01778101;5
2018-10-02 07:43;59,4154749;17,9398234;5
2018-10-02 07:44;59,41559222;17,93236131;5
2018-10-02 07:45;59,41424085;17,9300076;5
2018-10-02 07:46;59,40788314;17,93686986;5
2018-10-02 07:47;59,40927247;17,9296705;5
2018-10-02 07:48;59,4103749;17,9296875;5
2018-10-02 07:57;59,4099446;17,9293895;5
2018-10-02 07:58;59,4100243;17,9286871;5
2018-10-02 07:59;59,41043606;17,92778583;5
2018-10-02 08:00;59,41102209;17,92661865;5
2018-10-02 08:01;59,41144255;17,92544944;5
2018-10-02 08:02;59,41195121;17,92429769;5
2018-10-02 08:03;59,41197448;17,92467304;5
2018-10-02 08:12;59,4118697;17,9245298;5
2018-10-02 08:13;59,41183823;17,92457583;5
2018-10-02 08:14;59,41185251;17,92459727;5
2018-10-02 08:15;59,41185977;17,92459007;5
2018-10-02 08:16;59,41187118;17,92459608;5
2018-10-02 08:17;59,41188654;17,92466336;5
2018-10-02 09:27;59,41189813;17,92486743;5
2018-10-02 09:28;59,4119193;17,9248839;5
2018-10-02 09:29;59,4117865;17,9247537;5
2018-10-02 09:30;59,4118302;17,9247565;5
2018-10-02 10:28;59,3665313;18,0003071;5
2018-10-02 10:29;59,36651521;17,99990108;5
2018-10-02 10:30;59,36648915;17,99996705;5
2018-10-02 10:31;59,36660068;17,99981908;5
2018-10-02 13:01;59,4068581;17,9291594;5
2018-10-02 13:02;59,4068581;17,9291594;5
2018-10-02 13:03;59,40685815;17,92915937;5
2018-10-02 13:04;59,40686745;17,92916843;5
2018-10-02 13:05;59,4068673;17,92911955;5
2018-10-02 13:06;59,40680424;17,92903006;5
2018-10-02 13:07;59,40684665;17,92908433;5
2018-10-02 13:21;59,41228638;17,92539273;5
2018-10-02 13:22;59,41204193;17,92616433;5
2018-10-02 13:23;59,41108243;17,92573656;5
2018-10-02 13:24;59,40963173;17,93021113;5
2018-10-02 13:25;59,40971356;17,93018866;5
2018-10-02 13:26;59,40973822;17,93019759;5
2018-10-02 13:35;59,4118724;17,9245382;5
2018-10-02 13:36;59,41179521;17,92438163;5
2018-10-02 13:37;59,41190863;17,92475011;5
2018-10-02 13:38;59,41178735;17,92464421;5
2018-10-02 13:39;59,41180418;17,92467752;5
2018-10-02 14:05;59,41197819;17,9246958;5
2018-10-02 14:06;59,411871;17,9245374;5
2018-10-02 14:07;59,41187704;17,92466628;5
2018-10-02 14:08;59,411873;17,92462818;5
2018-10-02 14:09;59,41188117;17,92468019;5
2018-10-02 17:19;59,41181355;17,92451406;5
2018-10-02 17:20;59,41204586;17,92437521;5
2018-10-02 17:21;59,41208081;17,92392823;5
2018-10-02 17:22;59,4118783;17,9245574;5
2018-10-02 17:23;59,41189004;17,92454623;5
2018-10-02 17:24;59,41190209;17,9247791;5
2018-10-02 17:31;59,4120412;17,9245401;5
2018-10-02 17:32;59,41209133;17,92409928;5
2018-10-02 17:33;59,41200706;17,92447248;5
2018-10-02 17:34;59,4118714;17,9245367;5
2018-10-02 17:35;59,4118719;17,9245369;5
2018-10-02 17:36;59,41186883;17,92435366;5
2018-10-02 17:37;59,41186806;17,92436062;5
2018-10-02 17:38;59,41191927;17,92427443;5
2018-10-02 18:42;59,41193274;17,92460993;5
2018-10-02 18:43;59,41197811;17,92458502;5
2018-10-02 18:44;59,41184659;17,92479481;5
2018-10-02 18:45;59,41174117;17,92499896;5
2018-10-02 18:46;59,41172389;17,92490608;5
2018-10-02 18:47;59,41185467;17,92469575;5
2018-10-02 18:52;59,4118542;17,924488;5
2018-10-02 18:53;59,411886;17,9246219;5
2018-10-02 18:54;59,41181476;17,92496187;5
2018-10-02 18:55;59,4119112;17,9245834;5
2018-10-02 18:56;59,4118586;17,9246261;5
2018-10-02 18:57;59,4118938;17,9247353;5
2018-10-02 18:58;59,41196215;17,92461731;5
2018-10-02 18:59;59,41196252;17,92459891;5
2018-10-02 19:00;59,41187048;17,92463311;5
2018-10-02 19:01;59,41178299;17,92455967;5
2018-10-02 19:02;59,4118671;17,92450031;5
2018-10-02 19:24;59,411761;17,9245945;5
2018-10-02 19:25;59,4117857;17,9244167;5
2018-10-02 19:26;59,4118967;17,924484;5
2018-10-02 19:27;59,41190016;17,92449517;5
2018-10-02 19:28;59,4119103;17,9245208;5
2018-10-02 19:29;59,41198554;17,92455291;5
2018-10-02 19:30;59,41197354;17,92455196;5
2018-10-02 19:31;59,41188909;17,92442544;5
2018-10-02 19:32;59,41177515;17,92472331;5
2018-10-02 19:33;59,41178331;17,92508763;5
2018-10-02 19:34;59,4118736;17,92469231;5